Mutation ID	DNA Change	Type
d390001e-df66-58f9-9a55-38b4203e78ae	chr17:g.7673751C>T	Substitution
d58028f9-af90-53ee-86c5-987e923968a0	chr17:g.7676026delG	Deletion
d5f5c924-d089-5fdd-a21b-29b38397fd05	chr17:g.7674942C>T	Substitution
d5fa7f18-4c8a-502b-ad9b-ff47572fa648	chr17:g.7675136G>A	Substitution
d688febc-1762-54c1-b3da-b5d596c8b055	chr17:g.7676059G>A	Substitution
d782809f-eac3-564f-86ee-2a06c2772beb	chr17:g.7676152_7676153insG	Insertion
d8131d55-c6ec-540f-a487-ca05995dbe72	chr17:g.7674917T>A	Substitution
da32c6cd-217d-5f1a-be03-cf4108d5dcef	chr17:g.7675220T>A	Substitution
da35a81b-78bf-5403-b77d-089200ce9299	chr17:g.7673606delGT	Deletion
dce12f67-3906-5364-900a-52e1211edb89	chr17:g.7675237delCT	Deletion
dfd8f664-6c10-54f7-aa96-9247112ea409	chr17:g.7674248_7674249insA	Insertion
e1de0c43-21fc-5019-8a9b-8bd0c492a96e	chr17:g.7674888T>C	Substitution
e2d73867-c0b3-5fbf-adbd-eaf46e747590	chr17:g.7676091_7676092insG	Insertion
e32343c1-9074-510a-8e3c-0ad7af871523	chr17:g.7674207_7674208insA	Insertion
e6336184-36e2-50a1-9b38-c66f4678392d	chr17:g.7673800C>A	Substitution
e6dce2dc-a536-5957-acd7-966149d557e1	chr17:g.7674226A>C	Substitution
e6e1ee0e-a887-54cb-a203-bfc708594304	chr17:g.7675236A>T	Substitution
e778e2f1-0746-5a39-a897-67e581ad1279	chr17:g.7675184_7675185insCAGGGCAGâ€¦	Insertion
e8b89536-9e19-54a2-b1ba-69f28ddd4886	chr17:g.7675105C>T	Substitution
e9b40af8-18c7-5d3e-ad51-f8fba9a0613d	chr17:g.7673788G>A	Substitution
ea35121f-3bc8-5142-b2d9-cdecd9f18580	chr17:g.7675053C>T	Substitution
ea6aeddf-8ea1-5381-80f1-00318e8313e9	chr17:g.7675136G>T	Substitution
eaef2b21-e6d9-50e1-9704-d8e07c64c8a8	chr17:g.7674972C>G	Substitution
ed5c7cb7-c11d-593c-b870-86e8bb3a6d67	chr17:g.7675125A>C	Substitution
eef7e1d5-06cc-5285-981d-13810326451b	chr17:g.7674918A>T	Substitution
ef1ff415-d437-5a6d-b8f3-15a967957fe8	chr17:g.7673838C>T	Substitution
ef278a68-d9e1-5e3e-8e89-2053daf0a2b4	chr17:g.7675064G>T	Substitution
f2dde190-4f26-5ad7-80bf-2558c3332ef2	chr17:g.7673804C>A	Substitution
f312476d-314d-5b6b-9fc1-9cb5d78a6b01	chr17:g.7675142_7675143insG	Insertion
f42bd475-71e1-57ec-b5b4-f63e86c1af4a	chr17:g.7674221G>C	Substitution
f62404af-feca-5f94-b593-1ddad4d24b87	chr17:g.7676018delC	Deletion
f6a1c83d-66c2-58d3-aeb6-03c73a88bf40	chr17:g.7676054delG	Deletion
f91ebd70-35da-5f13-b842-97aee06535be	chr17:g.7675085C>G	Substitution
fbdd0025-4137-5617-927b-71104e6b8f6d	chr17:g.7675127delA	Deletion
fd368b15-48a3-5957-883b-8753ba9553a0	chr17:g.7676028A>T	Substitution
fd97568b-09c3-5525-a24f-ba4fb4faba16	chr17:g.7674921delC	Deletion
fd9bedc0-c17f-5a2e-bc99-ebbc6cc9b0d1	chr17:g.7675237C>A	Substitution
fe046d16-1df6-5c9c-923c-fd6cac815106	chr17:g.7675994C>A	Substitution
ffc0eb67-7f05-5684-903b-aba135c32d35	chr17:g.7676021delA	Deletion