Mutation ID	DNA Change	Type	Consequences
5cf322e8-0081-5847-a011-6f91127f05fd	chr17:g.7675125A>T	Substitution	Missense TP53 Y163N
698cbbc7-b558-57de-bf7d-d5cf9394165d	chr17:g.7675995G>A	Substitution	Missense TP53 T125M
81bb673c-2eae-55d2-9e1e-961a22ec0bfc	chr17:g.7674887C>T	Substitution	Missense TP53 S215N
8675226e-f815-5616-a08f-b3928c5cb073	chr17:g.7675156_7675157insG	Insertion	Frameshift TP53 P153Afs*28
8d9147e5-a7a4-59d3-85a9-b194532e4e89	chr17:g.7676051G>C	Substitution	Missense TP53 S106R
9c5f5fcc-cc71-5886-981c-788c29958d08	chr17:g.7675161G>T	Substitution	Missense TP53 P151T
9c922061-1ce9-5731-80bc-48273c0cdbf7	chr17:g.7673763T>C	Substitution	Missense TP53 E286G
a6baa188-5d61-5168-a90e-5755ccff3210	chr17:g.7674197delTGA	Deletion	Inframe Deletion TP53 I255del
ae1844b2-1fb1-5549-9200-b9750b72e496	chr17:g.7675077G>C	Substitution	Missense TP53 H179D
b4b083b5-187a-5388-a8e5-624bce3154fd	chr17:g.7676215G>A	Substitution	Stop Gained TP53 Q52*
c285e514-b5c9-5d4c-ba43-84de9b959d3b	chr17:g.7675084G>C	Substitution	Missense TP53 C176W
c80ae026-5393-54b1-a829-34c7dc312355	chr17:g.7676203C>A	Substitution	Stop Gained TP53 E56*
ca0c9004-023f-58a7-a9ef-c5c6aea8f92c	chr17:g.7674859C>A	Substitution	Missense TP53 E224D
d688febc-1762-54c1-b3da-b5d596c8b055	chr17:g.7676059G>A	Substitution	Stop Gained TP53 Q104*
dae3fc7d-f979-5b92-a450-7066209e5b93	chr17:g.7669645delT	Deletion	Frameshift TP53 K382Nfs*40
dc26794e-0de6-5b7a-a4c4-5a7baa0e53af	chr17:g.7676055C>A	Substitution	Missense TP53 G105V
de8bdd1b-111a-594d-8af7-b2fc0a126f80	chr17:g.7674247T>C	Substitution	Missense TP53 N239S
e9345089-b1c3-5508-8277-19e47de10968	chr17:g.7670712delG	Deletion	Frameshift TP53 R333Vfs*12
ea11d79f-3abd-5414-ab5f-e9109c064f9a	chr17:g.7674191C>A	Substitution	Stop Gained TP53 E258*
ea538534-cb6c-5d01-874e-8708ab0e0d0c	chr17:g.7673809C>A	Substitution	Stop Gained TP53 E271*
edafbeae-4db4-5795-a373-a3f11c94a853	chr17:g.7675160G>C	Substitution	Missense TP53 P151R
0c3ebe28-0115-5cd3-90bd-daa3b3cca8f8	chr17:g.7675212A>G	Substitution	Missense TP53 F134L
0ca51905-1944-5cc2-b5ff-78ba80fbda2d	chr17:g.7675082G>C	Substitution	Missense TP53 P177R
12869c00-7651-5c95-9c1e-2eb0f780da33	chr17:g.7670717T>C	Substitution	Splice Acceptor TP53 X332_splice
1b877563-5533-5d85-be6b-e3cc2410d0b4	chr17:g.7676071G>A	Substitution	Stop Gained TP53 Q100*
2515ba9f-55ea-5624-b414-9cd1d2cf3f22	chr17:g.7675235T>C	Substitution	Missense TP53 Y126C
26fbda2e-df23-5c1e-9349-b16e8a2c9ac1	chr17:g.7674254T>C	Substitution	Missense TP53 M237V
31078cfe-6d22-5ab1-add1-e82d5ead7965	chr17:g.7673824C>A	Substitution	Stop Gained TP53 G266*
430d1cb7-5d63-5cce-900d-e3f1fd483422	chr17:g.7675086A>T	Substitution	Missense TP53 C176S
476fe31c-b27d-5f7a-9277-ceddeaafe8f0	chr17:g.7675074C>A	Substitution	Stop Gained TP53 E180*
568eea29-6f94-51ea-9cbb-8ddc96f55217	chr17:g.7675191A>G	Substitution	Missense TP53 C141R
5b4d27a0-dbaf-5f0d-97b8-1285a1bbf3d0	chr17:g.7673778T>A	Substitution	Missense TP53 D281V
5d682eb4-bd1e-5625-972f-09e1af83d072	chr17:g.7674918A>G	Substitution	Missense TP53 Y205H
638c52e7-1d8d-564f-b436-5ed4f2875eb6	chr17:g.7673740delC	Deletion	Frameshift TP53 E294Sfs*51
6697a841-a5b2-5473-be26-9ea47632fe31	chr17:g.7674917T>G	Substitution	Missense TP53 Y205S
6edc8bac-50aa-51bd-9c9d-7c329adb21c7	chr17:g.7674873A>G	Substitution	Missense TP53 Y220H
73832e09-cc40-5b80-99eb-612d38980239	chr17:g.7673776G>C	Substitution	Missense TP53 R282G
81528e74-9ea9-5ad5-876e-ee1f34b2c4ba	chr17:g.7673835C>A	Substitution	Missense TP53 G262V
886cafc5-8cc3-5879-bd38-9e76193c5a46	chr17:g.7675997G>T	Substitution	Stop Gained TP53 C124*
88867191-41a9-5519-9cd6-d56980d7a7ba	chr17:g.7676119delC	Deletion	Frameshift TP53 A84Pfs*39
890386b4-add6-5bf1-abf9-a537248ab9ed	chr17:g.7675095C>G	Substitution	Missense TP53 V173L
8eae7b55-4d6c-5863-9b5b-cc903f9ebc44	chr17:g.7675119G>A	Substitution	Stop Gained TP53 Q165*
962017f6-0ead-5a8d-b94b-d9b6009ed192	chr17:g.7673812A>G	Substitution	Missense TP53 F270L
99eee90e-3dec-5b9d-ac18-c1cc6cc5d138	chr17:g.7675236A>C	Substitution	Missense TP53 Y126D
9b813ecf-7139-5058-accf-57a658c302a1	chr17:g.7674268A>C	Substitution	Missense TP53 I232S
a3369ae3-a22a-521b-b26f-5025c54d972a	chr17:g.7676257G>A	Substitution	Stop Gained TP53 Q38*
abaae316-fb8f-55da-9ae9-1c7bd88f6bbb	chr17:g.7675185C>T	Substitution	Missense TP53 V143M
af5d9b44-7740-5c8c-8694-e0cd03b00433	chr17:g.7674918A>C	Substitution	Missense TP53 Y205D
b2931df0-538e-5218-b127-6dfd5986b255	chr17:g.7674859C>G	Substitution	Missense TP53 E224D
b302f7de-f349-5612-ba8e-5a1b60e3d522	chr17:g.7676218C>A	Substitution	Stop Gained TP53 E51*
b30b6f09-ea71-5458-acd8-dbf622343f57	chr17:g.7673779C>T	Substitution	Missense TP53 D281N
b36c9038-523f-52f6-822c-89fe97143f8d	chr17:g.7674232C>A	Substitution	Missense TP53 G244V
bbc1cec6-43fc-5f8d-9c83-801261acd9ce	chr17:g.7675070C>T	Substitution	Missense TP53 R181H
bc239083-8e36-553a-b4b6-54b735ec2b75	chr17:g.7674872T>G	Substitution	Missense TP53 Y220S
c0bea0ae-5700-585a-af9b-56625cef6a4b	chr17:g.7676056C>G	Substitution	Missense TP53 G105R
c20791c2-ffc4-5402-85de-1a018d3f2439	chr17:g.7675066delGCAGCGCTâ€¦	Deletion	Inframe Deletion TP53 P177_C182del
cfe3bb1b-42c3-5d59-9d85-f45af6e88ca2	chr17:g.7676043A>C	Substitution	Missense TP53 F109C
dacfaa79-c1e4-5266-9a71-22bbd4bd9af8	chr17:g.7673535C>A	Substitution	Missense TP53 Q331H
dc436336-fbee-5929-96d2-e5cc93dd198e	chr17:g.7675139C>G	Substitution	Missense TP53 R158P
e0173726-be17-5f82-9c26-38dc62c59bb9	chr17:g.7676211C>T	Substitution	Stop Gained TP53 W53*
e3827b4d-f45c-5af1-ac2f-137c956a34f2	chr17:g.7676381C>A	Substitution	Splice Donor TP53 X32_splice
e6336184-36e2-50a1-9b38-c66f4678392d	chr17:g.7673800C>A	Substitution	Missense TP53 V274F
e922e3b9-8fcc-5623-afbe-9e4713b3394b	chr17:g.7674191C>T	Substitution	Missense TP53 E258K
efeca9af-d8ed-5265-94d9-5557a5f719dd	chr17:g.7674230C>G	Substitution	Missense TP53 G245R
f0f105a0-70e2-59f2-a09a-bc62d3f473f5	chr17:g.7673707T>A	Substitution	Stop Gained TP53 K305*
f20fc067-6f4d-5577-9e56-4e49f150a59f	chr17:g.7670716C>G	Substitution	Splice Acceptor TP53 X332_splice
f4b51599-67ac-5327-808f-f9a37d513705	chr17:g.7675224G>A	Substitution	Missense TP53 L130F
fea36020-4c3a-5275-b926-a3e486ce6f24	chr17:g.7674222G>A	Substitution	Synonymous TP53 N247=
ff46905d-4dd7-539e-acaf-30cf2b959f4f	chr17:g.7674954G>T	Substitution	Missense TP53 H193N
004a466d-1a91-5d19-894c-06c3d27b3686	chr17:g.7675156delC	Deletion	Frameshift TP53 G154Afs*16
013991ca-7984-5538-900a-887469c68e9f	chr17:g.7676050A>C	Substitution	Missense TP53 Y107D
02c1357e-6eaa-5d7c-92ba-3ef918861ed6	chr17:g.7676088G>T	Substitution	Stop Gained TP53 S94*
05668539-d593-58b7-a16f-73ac17c25ae9	chr17:g.7675153delG	Deletion	Frameshift TP53 G154Afs*16
09824a73-7600-5864-bf94-76879450caf3	chr17:g.7676399G>A	Substitution	Missense TP53 P27S
0a19a1da-1470-5dd1-842c-00a85f8c697b	chr17:g.7675109T>C	Substitution	Missense TP53 H168R
0a2920a6-8e4d-5042-96b6-60fafd1162b9	chr17:g.7675115G>C	Substitution	Stop Gained TP53 S166*
0a91f12f-51ba-5e39-91ff-cb6c9c1f9b17	chr17:g.7673717_7673718insG	Insertion	Frameshift TP53 G302Rfs*4
0b0bd8e2-9651-5d29-9ff1-628c41943803	chr17:g.7673533A>C	Substitution	Splice Donor TP53 X331_splice
0f01ecde-dd47-5457-b9e8-40fd41e486c5	chr17:g.7674291C>G	Substitution	Splice Acceptor TP53 X225_splice
0f2dd7ee-7fbe-54d0-be4c-960353e7bcee	chr17:g.7676381C>T	Substitution	Splice Donor TP53 X32_splice
0f4bbb3a-9ecd-5b8a-8f27-bd6350b1e76c	chr17:g.7674218T>A	Substitution	Missense TP53 R249W
10205881-b52c-5095-b27e-5e2093ce88bb	chr17:g.7675142A>C	Substitution	Missense TP53 V157G
123ad106-5f07-51d7-bcd8-c7461b0468e3	chr17:g.7674196G>A	Substitution	Missense TP53 T256I
12c96057-1db6-5c2e-8022-b52235fc3890	chr17:g.7675994C>G	Substitution	Splice Region TP53 T125=
14e1362c-2a3b-5c39-a110-bb66bd0167b3	chr17:g.7673838C>A	Substitution	Splice Acceptor TP53 X261_splice
1539e86c-54cc-5dff-bf0f-511a5bb9d7cd	chr17:g.7670699C>T	Substitution	Missense TP53 R337H
155f7c0a-ffa4-582a-9126-617466137782	chr17:g.7673783delC	Deletion	Frameshift TP53 R280Efs*65
1661d720-dab5-50c0-bffe-75092c9dc4d7	chr17:g.7675070C>G	Substitution	Missense TP53 R181P
1845f18c-da4c-5aec-9164-4e5d3462d331	chr17:g.7675233A>G	Substitution	Missense TP53 S127P
1b05b78b-6a13-5b4a-a27a-d7ad32e14c0b	chr17:g.7675217delTTG	Deletion	Inframe Deletion TP53 N131del
1b505e3a-4257-5bdd-ba7c-b6dbb7e3c16d	chr17:g.7674202A>C	Substitution	Missense TP53 I254S
1ba3d47c-b334-52ea-994b-2b6db8ccb028	chr17:g.7675191A>C	Substitution	Missense TP53 C141G
1ce53c61-fb52-5ad8-896c-0f18cd4cd7ce	chr17:g.7675051A>C	Substitution	Splice Donor TP53 X187_splice
1d1365ed-2337-508e-9e1e-45dc651d7dd7	chr17:g.7674857A>G	Substitution	Splice Donor TP53 X224_splice
1edfd979-b5e2-5c21-8d14-5ead69d55f18	chr17:g.7674944C>G	Substitution	Missense TP53 R196P
1ff27d52-305d-5e25-9e1d-b0cc58c7682b	chr17:g.7674893C>G	Substitution	Missense TP53 R213P
23cc0034-2932-5361-a43f-06a3daa9f4f5	chr17:g.7673805A>C	Substitution	Missense TP53 V272G
2501802c-2ff9-5ab3-bf1b-3d01dd164a5a	chr17:g.7674200T>A	Substitution	Missense TP53 I255F
25d7f0b7-e098-5e91-b3f7-29b725125ebd	chr17:g.7674253A>T	Substitution	Missense TP53 M237K
277d8811-7b29-5479-8db4-382d20b1ae75	chr17:g.7674941A>C	Substitution	Missense TP53 V197G